<?xml version="1.0" encoding="utf-8"?>

<!--
 | Service configuration file for the applications domain.
 |
 | attribute: version
 | values   : 1.0
 | comments : identifies the format version of this file
 |
 | attribute: xmlns
 | values   : http://www.alarmpoint.com/schema
 | comments : the default namespace in which all elements and attributes are
 |            defined
 +-->
<integration-service version="1.0" xmlns="http://www.alarmpoint.com/schema">
   <domain>applications</domain>
   <name>uim</name>
   <initial-state>active</initial-state>
   <script lang="js">
     <file>uim.js</file>
   </script>
   <classpath/>
   <mapped-input method="add">
    <parameter>recipients</parameter>
    <parameter>alarmID</parameter>
   </mapped-input>
</integration-service>
