{
  "integrations": [
    {
      "id": "9e42cc25-59e7-429e-8c8f-bac54e471a73",
      "name": "Event Status",
      "action": "SEND_TO_IA",
      "type": "OUTBOUND_WEBHOOK",
      "triggeredBy": "STATUS",
      "integrationServiceName": "uim",
      "deployed": true,
      "form": "afe5d84e-9709-4d7b-9b84-168668ee674a",
      "environment": "ONPREMISE"
    },
    {
      "id": "9849daeb-ed04-42ce-a400-2b98a3f5a388",
      "name": "Response",
      "action": "SEND_TO_IA",
      "type": "OUTBOUND_WEBHOOK",
      "triggeredBy": "RESPONSE",
      "integrationServiceName": "uim",
      "deployed": true,
      "form": "afe5d84e-9709-4d7b-9b84-168668ee674a",
      "environment": "ONPREMISE"
    },
    {
      "id": "7c976ff6-4447-4799-b4a9-368472d9edff",
      "name": "UIM - Inbound",
      "action": "CREATE_EVENT",
      "type": "INBOUND_WEBHOOK",
      "deployed": true,
      "form": "afe5d84e-9709-4d7b-9b84-168668ee674a",
      "script": "/*\n * To use functions that are defined in a shared library, import\n * the shared library using the require function. You can then\n * access the functions in the shared library. Shared library names\n * are case-sensitive.\n *\n * The following statements show how to use a function named 'myFunction'\n * that is included in a shared library named 'My Shared Library'.\n *\n * var mySharedLibrary = require('My Shared Library');\n * var message = mySharedLibrary.myFunction();\n */\n\nvar data;\n\n// If your data is posted as JSON\ndata = JSON.parse(request.body);\n\nif (data.properties.alarmSev == \"clear\"){\n    \n    var getRequest = http.request({\n     \"endpoint\": \"xMatters\",\n     \"path\": \"/api/xm/1/events?propertyName=alarmid%23en&propertyValue=\" + data.properties.alarmID,\n     \"method\": \"GET\",\n     \"headers\" : {\"Content-Type\": \"application/json\"}\n    });\n\n    getResponse = getRequest.write();\n    var details = JSON.parse(getResponse.body);\n\n    var activeIds = [];\n    for (var i = 0; i < details['count']; i++){\n            if (details['data'][i]['status'] == \"ACTIVE\"){\n            activeIds.push(details['data'][i]['eventId'])\n         }\n    }\n\n    for (var z = 0; z < activeIds.length; z++){\n     var request = http.request({ \n     \"endpoint\": \"xMatters\",\n     \"path\": \"/api/xm/1/events/\",\n     \"method\": \"POST\",\n     \"headers\" : {\"Content-Type\": \"application/json\"}\n });\n \n    var dataTerminate = {};\n    dataTerminate.id = activeIds[z];\n    dataTerminate.status = 'TERMINATED';\n    response = request.write(dataTerminate);\n    }\n}\nelse {\n\n//Specific Criteria Provided on how to display the Source individually\nvar splitSource = data.properties.alarm_source.split('#');\nvar splitSourceAgain = splitSource[1].split('.');\n\n//Handling Message for the script\nvar scriptMessage = data.properties.message.split('Script: ');\nconsole.log(\"MATTT \" + scriptMessage[1]);\n\n// Parse data from incoming payload and construct the trigger object\ntrigger.properties.subject = data.properties.subject;\ntrigger.properties.alarmSev = data.properties.alarmSev;\ntrigger.properties.hostname = data.properties.hostname;\ntrigger.properties.source_hostname = splitSource[0];\ntrigger.properties.stream = splitSourceAgain[0];\ntrigger.properties.job = splitSourceAgain[1];\ntrigger.properties.script = scriptMessage[1];\ntrigger.properties.subsystem = data.properties.subsystem;\ntrigger.properties.robot = data.properties.robot;\ntrigger.properties.probe = data.properties.probe;\ntrigger.properties.message = data.properties.message;\ntrigger.properties.timeReceived = data.properties.timeReceived;\ntrigger.properties.timeArrived = data.properties.timeArrived;\ntrigger.properties.alarmCount = data.properties.alarmCount;\ntrigger.properties.alarmID = data.properties.alarmID;\ntrigger.properties.alarm_source = data.properties.alarm_source;\ntrigger.properties.UserTag1 = data.properties.UserTag1;\ntrigger.properties.UserTag2 = data.properties.UserTag2;\ntrigger.properties.Custom_1 = data.properties.Custom_1;\ntrigger.properties.Custom_2 = data.properties.Custom_2;\n\nif (data.properties.Custom_3.indexOf('CAM_ESM_GBL_EBS') >= 0){\n    trigger.properties.Custom_3 = \"CAM_ESM_GBL_EBS\";\n}\nelse{\n    trigger.properties.Custom_3 = data.properties.Custom_3;\n}\n\n// trigger.properties.Custom_4 = data.properties.Custom_4;\n// trigger.properties.Custom_5 = data.properties.Custom_5;\n\n// Define recipients\nvar recipients = [];\n// Add a recipient targeting a user or group\nrecipients.push({\n    'targetName': trigger.properties.Custom_3\n});\n\ntrigger.recipients = recipients;\n\n// Post trigger to form\nform.post(trigger);\n}",
      "environment": "HOSTED"
    }
  ],
  "endpoints": [],
  "constants": []
}